,Id,Community,Label,Is_author,Username,Verified,followers_count,following_count,tweet_count
0,1948806145,426,1948806145,True,RishabhGahlot2,False,137.0,585.0,5612.0
1,1341232362,1,1341232362,True,valuesearcher,False,218.0,96.0,5618.0
2,303512493,440,303512493,True,ValerioCNN,True,19339.0,3141.0,16616.0
3,1491460655869739012,637,1491460655869739012,True,HanneJourgen,False,56.0,1368.0,1070.0
4,154656051,333,154656051,True,JaiKrisPonnapan,False,8794.0,6091.0,27505.0
5,3699306921,637,3699306921,True,kuantancurls,False,1852.0,853.0,193390.0
6,311265104,297,311265104,True,pastorabharris,False,1610.0,503.0,553719.0
7,26263379,440,26263379,True,timbomambo,False,120.0,299.0,7021.0
8,1361862185195081730,299,1361862185195081730,True,THREE29pm,False,567.0,308.0,2229.0
9,1433512100375191556,297,1433512100375191556,True,ReySkywalkerTwo,False,5033.0,4911.0,3550.0
10,1154901149268320256,357,1154901149268320256,True,breaking411now,False,325.0,2363.0,5375.0
11,887699281557286912,413,887699281557286912,True,ORANJTHNUGREEN,False,599.0,394.0,84055.0
12,4188145335,574,4188145335,True,Sawomir86174818,False,622.0,1841.0,122231.0
13,1181436953461284866,297,1181436953461284866,True,sachiinv7,False,825.0,1.0,15896.0
14,1267296348,580,1267296348,True,KoliaNikolaj,False,172.0,1036.0,36451.0
15,896835445123895296,337,896835445123895296,True,Kaboom68370235,False,2643.0,4946.0,157245.0
16,1490370022807523329,9,1490370022807523329,True,VinitSiwach88,False,158.0,8.0,18683.0
17,1479359505292951555,469,1479359505292951555,True,Baconrebellio,False,7.0,158.0,316.0
18,1217460908949110784,11,1217460908949110784,True,open_nottingham,False,917.0,763.0,5828.0
19,1412740227802841088,104,1412740227802841088,True,LorenaDyson,False,580.0,1881.0,11042.0
20,919131332,617,919131332,True,aristeon_89,False,2986.0,1781.0,75677.0
21,1443695062198611979,617,1443695062198611979,True,planckisone,False,5.0,186.0,578.0
22,61081477,104,61081477,True,translatorbali,False,3743.0,1777.0,232548.0
23,786970177,490,786970177,True,MariaLigor,False,573.0,467.0,2940.0
24,768569699466616832,469,768569699466616832,True,dy_nature,False,182.0,4078.0,18508.0
25,1303172041496039425,617,1303172041496039425,True,Lety29302879,False,205.0,3411.0,9408.0
26,1350303464732168193,580,1350303464732168193,True,GrammiePammie14,False,2046.0,4936.0,204983.0
27,71902263,600,71902263,True,O_G_Log,False,3570.0,2459.0,510180.0
28,1477650605745319951,426,1477650605745319951,True,andrew_stonor,False,153.0,801.0,4648.0
29,1497641789603332098,19,1497641789603332098,True,dom_65_,False,3.0,13.0,214.0
30,3230982326,580,3230982326,True,HamiltonJohnD,False,3157.0,3506.0,126845.0
31,56213670,21,56213670,True,ua01460,False,145.0,185.0,453.0
32,20961822,469,20961822,True,GlobalHigherEd,False,16787.0,10451.0,48362.0
33,425244257,637,425244257,True,PeteCox7,False,162.0,176.0,50213.0
34,49408574,637,49408574,True,Jonnyhibberd,False,2648.0,3507.0,74021.0
35,156928816,557,156928816,True,StormAlert09,False,497.0,2023.0,10540.0
36,1014514281642102785,357,1014514281642102785,True,OurReclaim,False,1414.0,380.0,147434.0
37,3465581,302,3465581,True,niffyat,False,1718.0,1773.0,5099.0
38,134058171,574,134058171,True,_demiurg_,False,456.0,740.0,35679.0
39,1307865457903448064,574,1307865457903448064,True,onelilsZ,False,220.0,772.0,33371.0
40,1497930052251668480,104,1497930052251668480,True,Gl0ry_2_Ukraine,False,2.0,14.0,1156.0
41,1345136309770321930,29,1345136309770321930,True,obsidian2021,False,422.0,443.0,6701.0
42,376770373,357,376770373,True,IvanAtHome,False,751.0,616.0,37984.0
43,1097114082849771522,337,1097114082849771522,True,TheGardenHouse5,False,841.0,2060.0,7341.0
44,2790631932,490,2790631932,True,anonalytics,False,1719.0,687.0,8728.0
45,812213634919174144,104,812213634919174144,True,sayantanmaity98,False,34.0,430.0,7695.0
46,539899954,558,539899954,True,Sinnamon64,False,95.0,319.0,1742.0
47,27335810,580,27335810,True,gwgautier,False,31.0,233.0,1595.0
48,26671374,490,26671374,True,pygmalionundone,False,10671.0,10216.0,33289.0
49,754994,558,754994,True,siliconchris,False,734.0,648.0,4946.0
50,3806134043,574,3806134043,True,RobB_W1,False,4491.0,4999.0,80942.0
51,848911132496723969,637,848911132496723969,True,BrexitBuster,False,24827.0,15894.0,148162.0
52,2616415513,210,2616415513,True,IAC_MD,False,408.0,308.0,13638.0
53,823583545100816390,580,823583545100816390,True,DocKimResists,False,19372.0,16443.0,91822.0
54,2384107022,41,2384107022,True,_johnfox_,False,37.0,200.0,328.0
55,310892700,557,310892700,True,EenaRuffini,True,29294.0,1232.0,12528.0
56,850239531978702848,104,850239531978702848,True,adam_chweya,False,277.0,248.0,503.0
57,1358713872228753408,199,1358713872228753408,True,mustefa_salim,False,831.0,702.0,14202.0
58,300553330,469,300553330,True,rhonda76fl,False,245.0,735.0,12324.0
59,1479501372806647809,212,1479501372806647809,True,kelehan_kevin3,False,3279.0,3406.0,10251.0
60,2184934963,212,2184934963,True,ECOWARRIORSS,False,63686.0,50818.0,181724.0
61,1435109329565257730,490,1435109329565257730,True,CRYPTOS369,False,154.0,505.0,1624.0
62,412036425,557,412036425,True,AndThatAndThis,False,8718.0,8627.0,202608.0
63,220771828,490,220771828,True,TalentCoop,False,5949.0,5887.0,210974.0
64,221644660,227,221644660,True,WWalkerWW,False,2078.0,5001.0,109164.0
65,215817624,227,215817624,True,FOTORAUM,False,1924.0,4999.0,4731.0
66,49175397,580,49175397,True,Aejlex,False,6030.0,6057.0,30016.0
67,952473883084578817,637,952473883084578817,True,MMSG5555,False,8.0,54.0,6502.0
68,224960682,297,224960682,True,rcmpwidow,False,269.0,457.0,23901.0
69,1152348175761465344,490,1152348175761465344,True,jhoochcooper,False,14.0,261.0,656.0
70,2879920362,104,2879920362,True,DjMusgr,False,6619.0,7254.0,343659.0
71,4173635073,600,4173635073,True,zirka_lu,False,7.0,79.0,1985.0
72,254152377,426,254152377,True,SMUMustangAlum,False,7527.0,7442.0,60625.0
73,316797199,558,316797199,True,TerryEnga,False,3203.0,3343.0,196352.0
74,445184492,227,445184492,True,BPSGroup,False,3917.0,4549.0,122126.0
75,165439615,576,165439615,True,nuevogabinete,False,411.0,1161.0,58277.0
76,708250102926852096,637,708250102926852096,True,BoteroStar,False,366.0,1288.0,58864.0
77,1486002307057729544,357,1486002307057729544,True,Cheryl19382784,False,1059.0,5003.0,8643.0
78,82828746,469,82828746,True,gtorges,False,5957.0,2857.0,83239.0
79,137099636,212,137099636,True,pippaliciousj,False,4087.0,5002.0,377008.0
80,1267038168173477893,557,1267038168173477893,True,YourBestAccs,False,389.0,81.0,4838.0
81,1405991133017169926,199,1405991133017169926,True,JoeSmols,False,993.0,246.0,15422.0
82,20491991,490,20491991,True,rspainter,False,266.0,402.0,33707.0
83,59902604,337,59902604,True,gharleydude,False,1409.0,4513.0,43969.0
84,2935061613,60,2935061613,True,NancyRubeck,False,1121.0,2415.0,23513.0
85,1254907154,337,1254907154,True,CovertQT,False,2558.0,4252.0,14584.0
86,4288866206,469,4288866206,True,Naxifar,False,2.0,19.0,1132.0
87,788509088770588672,426,788509088770588672,True,elizabethandcat,False,1159.0,399.0,169559.0
88,359020248,637,359020248,True,ronstill,False,662.0,1934.0,33457.0
89,223499066,104,223499066,True,radharadhai,False,246.0,329.0,938.0
90,1307354303263195136,65,1307354303263195136,True,Melinda_inCA,False,3135.0,2687.0,9670.0
91,1497706627746570242,66,1497706627746570242,True,RMcCull75184904,False,26.0,320.0,2816.0
92,12240322,67,12240322,True,simonecortesi,False,1703.0,1057.0,5092.0
93,104883304,68,104883304,True,JimAloisi,False,3891.0,550.0,47401.0
94,1498405525125537792,69,1498405525125537792,True,lixanonymousxil,False,53.0,19.0,122.0
95,1498920702640066566,337,1498920702640066566,True,UaRight,False,1.0,8.0,32.0
96,124418689,212,124418689,True,europechris,False,4507.0,4639.0,66403.0
97,4209335294,104,4209335294,True,umeshdewan,False,2064.0,158.0,74365.0
98,1007945678000140289,297,1007945678000140289,True,HWNewsEnglish,False,9613.0,38.0,30950.0
99,1093131149386416129,299,1093131149386416129,True,EdMacRedBalloon,False,1372.0,2038.0,4838.0
100,1575692791,74,1575692791,True,TedHood16,False,6523.0,5749.0,82554.0
101,1498982134949855235,557,1498982134949855235,True,YLiashchenko,False,3.0,112.0,352.0
102,19489239,297,19489239,True,Jerusalem_Post,True,562944.0,605.0,343039.0
103,857187994536693760,490,857187994536693760,True,celtjules66,False,31029.0,22912.0,330895.0
104,716152735,463,716152735,True,VanBizWiz,False,834.0,809.0,23265.0
105,2222395582,576,2222395582,True,KrazyKaoticMess,False,632.0,1100.0,8759.0
106,126437961,574,126437961,True,danielanzola,False,1697.0,1566.0,223056.0
107,2193135944,299,2193135944,True,Saintsfan5348,False,23421.0,25293.0,334271.0
108,2258102198,469,2258102198,True,fozzybear77,False,1435.0,1568.0,115249.0
109,2316188953,302,2316188953,True,Letyucha_Ryba,False,156.0,397.0,190.0
110,1500943895227678724,84,1500943895227678724,True,proudukraine,False,1621.0,64.0,1808.0
111,1456811329730187264,85,1456811329730187264,True,Kewal_singla_,False,14.0,60.0,191.0
112,3037310748,580,3037310748,True,ycx623,False,4.0,62.0,14.0
113,112236654,469,112236654,True,lilitica,False,2051.0,2005.0,203637.0
114,1092545699730939904,426,1092545699730939904,True,hourableteam1,False,819.0,2530.0,52340.0
115,1062527988,88,1062527988,True,SunnySunnypawan,False,179.0,980.0,1604.0
116,1340124668825657349,467,1340124668825657349,True,ARedbord,False,1063.0,494.0,619.0
117,862757368353796096,463,862757368353796096,True,win_jeffy,False,47.0,49.0,11952.0
118,1368653891328434181,212,1368653891328434181,True,KaiserSkisoIX,False,65.0,106.0,22404.0
119,16178962,210,16178962,True,Crystalberry,False,22110.0,21950.0,25826.0
120,1242776268724207618,600,1242776268724207618,True,crabbyslathers,False,2672.0,4821.0,19693.0
121,14781614,212,14781614,True,celosia,False,141.0,2069.0,7319.0
122,1085183110080212996,637,1085183110080212996,True,Magorza43192548,False,5886.0,5288.0,85222.0
123,1123966483011383296,333,1123966483011383296,True,JanetCloke,False,598.0,240.0,70336.0
124,939565872,637,939565872,True,stevethain,False,3095.0,2842.0,77965.0
125,29351564,580,29351564,True,Sustain_Urban,False,5443.0,3482.0,16958.0
126,1177332981830225920,368,1177332981830225920,True,marylispastit,False,1985.0,1228.0,249016.0
127,2425881794,357,2425881794,True,AfterWestphalia,False,1407.0,2766.0,6405.0
128,1497283612458332163,600,1497283612458332163,True,PutinWarCrime,False,67.0,266.0,2637.0
129,454278875,104,454278875,True,InRodWeTrustMTL,False,6205.0,425.0,88820.0
130,2420267570,333,2420267570,True,AlexKokcharov,False,88134.0,2983.0,72464.0
131,2231699054,212,2231699054,True,RealBristolNews,False,8154.0,8801.0,187902.0
132,2336602908,413,2336602908,True,Victor_Vas_Her,False,494.0,1576.0,13795.0
133,1400255374985515008,574,1400255374985515008,True,johnny09759600,False,2249.0,4776.0,54330.0
134,766368994488094721,210,766368994488094721,True,BlueMoon085,False,502.0,532.0,29064.0
135,1497194071105933312,413,1497194071105933312,True,o_levandovska,False,12.0,53.0,537.0
136,356777135,558,356777135,True,Latvian_MFA,True,30006.0,1064.0,12904.0
137,1463572165966524421,103,1463572165966524421,True,,,,,
138,1208808557262573568,600,1208808557262573568,True,Himat75,False,10439.0,536.0,21483.0
139,300078224,104,300078224,True,MissMeryn,False,314.0,2990.0,7119.0
140,2313754921,637,2313754921,True,t_prytula,False,44.0,439.0,258.0
141,1203552378382934016,637,1203552378382934016,True,global_manu,False,251.0,1086.0,20588.0
142,1387847713065213954,574,1387847713065213954,True,masi82870170,False,557.0,1683.0,527.0
143,33415745,580,33415745,True,legdugs,False,123.0,1199.0,48091.0
144,213276262,443,213276262,True,RARAmusictweet,False,475.0,1428.0,1093.0
145,133811779,90,133811779,True,rolster3,False,102.0,531.0,5698.0
146,1446484946294644739,90,1446484946294644739,True,ExcludedFighter,False,2076.0,4999.0,21494.0
147,1204648405361975297,580,1204648405361975297,True,MyronWasylyk,False,539.0,875.0,3585.0
148,2630948151,374,2630948151,True,barerootbonsai,False,285.0,384.0,8180.0
149,1298741925219049475,337,1298741925219049475,True,AlfiePaule,False,423.0,680.0,27114.0
150,582154486,299,582154486,True,Kelly4Law,False,4553.0,2978.0,41824.0
151,934934273559289857,557,934934273559289857,True,HonorDecency,False,24905.0,27143.0,104888.0
152,783012049,210,783012049,True,WVU_ROXX,False,6924.0,7556.0,75713.0
153,1481204277636964354,490,1481204277636964354,True,LittleGuyCat,False,41.0,499.0,703.0
154,2726447790,490,2726447790,True,MunsingLaw,False,577.0,250.0,223489.0
155,771850346,580,771850346,True,christieNunez8,False,536.0,393.0,61412.0
156,1238963583553122305,333,1238963583553122305,True,FamilyFirstAV,False,142.0,159.0,56269.0
157,1348049401416216581,558,1348049401416216581,True,DrLukeChampagne,False,317.0,2082.0,3366.0
158,1401962648128790531,463,1401962648128790531,True,meliorist59,False,8387.0,9113.0,70205.0
159,707519563059961856,490,707519563059961856,True,Crypto_TomP,False,7875.0,2852.0,7593.0
160,2803295238,199,2803295238,True,1968shazzy,False,2116.0,3214.0,7035.0
161,2365246093,574,2365246093,True,vlado_kurek,False,215.0,136.0,4636.0
162,3167709616,337,3167709616,True,JordieEM411,False,160.0,444.0,21070.0
163,836709230,637,836709230,True,DrJeffKoloze,False,2175.0,4981.0,104030.0
164,2541686508,600,2541686508,True,HZ_Z7CL,False,1426.0,2021.0,66051.0
165,2575300892,469,2575300892,True,PoliSecurity,False,481.0,200.0,7999.0
166,52003080,600,52003080,True,raging545,False,7587.0,2744.0,37534.0
167,1280948162421800963,558,1280948162421800963,True,VictorK37694416,False,3555.0,3858.0,37064.0
168,125014696,617,125014696,True,KnittyMcPretty,False,1623.0,2084.0,87486.0
169,1412013303925202947,637,1412013303925202947,True,Tiddybeth1,False,951.0,1058.0,38320.0
170,374232949,129,374232949,True,StarkFreeorDie,False,1855.0,2736.0,78315.0
171,62993130,130,62993130,True,psa_rising,False,179.0,472.0,738.0
172,778734147980267521,426,778734147980267521,True,ProgJourn4The99,False,1303.0,514.0,13856.0
173,2356837350,637,2356837350,True,maniseku,False,1087.0,862.0,237766.0
174,1065202791621296128,614,1065202791621296128,True,urbanhaiti,False,333.0,186.0,5622.0
175,2791120677,469,2791120677,True,RPR_ua,False,9499.0,770.0,20525.0
176,71681607,137,71681607,True,TheMeck,False,585.0,964.0,89602.0
177,729033037,212,729033037,True,rarandis,False,186.0,1095.0,9285.0
178,1145001497215717376,490,1145001497215717376,True,Shadi_Alkasim,False,2755.0,2566.0,13945.0
179,31080136,600,31080136,True,Ukroblogger,False,27132.0,2566.0,18671.0
180,2149769419,141,2149769419,True,epaphotos,False,13697.0,1783.0,18921.0
181,371304855,580,371304855,True,crj138,False,10360.0,1418.0,125036.0
182,602068266,558,602068266,True,MooreRosemary,False,1074.0,2380.0,40615.0
183,1470821190654644228,558,1470821190654644228,True,Isobel599818011,False,24.0,35.0,8462.0
184,4826943161,558,4826943161,True,Leahy7Leahy,False,1040.0,1088.0,87499.0
185,1208991858120114176,297,1208991858120114176,True,ann_flocco,False,12.0,66.0,12206.0
186,895966977407074304,614,895966977407074304,True,EastMojo,True,17498.0,625.0,40829.0
187,23600122,580,23600122,True,barbkiser,False,3367.0,3555.0,40647.0
188,1079832542658863105,299,1079832542658863105,True,JimMorr46622225,False,35.0,412.0,1754.0
189,1468086871993774083,299,1468086871993774083,True,Melikhaya_007,False,459.0,158.0,4388.0
190,760516135,426,760516135,True,_______just__me,False,4178.0,1275.0,5818.0
191,137697498,104,137697498,True,annabotting,True,29512.0,1861.0,5236.0
192,14509962,617,14509962,True,txwikinger_ea,False,2180.0,2950.0,173864.0
193,1488742415561375744,333,1488742415561375744,True,MsFuddleDuddle,False,463.0,352.0,10275.0
194,381891557,104,381891557,True,eOrganiser,True,57135.0,290.0,33883.0
195,88196314,600,88196314,True,Fidget02,False,2957.0,3019.0,56991.0
196,1172258136,426,1172258136,True,TeroPohjasniemi,False,1029.0,1237.0,26531.0
197,1314006207909318658,600,1314006207909318658,True,MarthaP29033882,False,3409.0,5007.0,48136.0
198,2569449784,600,2569449784,True,SabineNolke,True,4266.0,790.0,8989.0
199,182566984,90,182566984,True,mayelozano,False,205.0,305.0,4753.0
200,1365910918714957824,162,1365910918714957824,True,TheAmazeWorld,False,8830.0,9.0,546.0
201,117213468,574,117213468,True,ArielFornari,False,2505.0,4510.0,194874.0
202,213252589,162,213252589,True,HAIDER_ALISHAH,False,854.0,1210.0,16059.0
203,19352387,164,19352387,True,markwrightuk88,False,2776.0,4778.0,383315.0
204,68479007,576,68479007,True,JoeGAbdo,False,385.0,515.0,3025.0
205,2596189003,333,2596189003,True,timutteridge,False,3562.0,1732.0,13886.0
206,129771353,580,129771353,True,amar1301,False,4492.0,3713.0,106403.0
207,18083901,469,18083901,True,markjl,False,238.0,905.0,9435.0
208,102207210,426,102207210,True,Jonker682,False,1407.0,105.0,93198.0
209,1198940325148057600,600,1198940325148057600,True,Raymond65761648,False,100.0,301.0,11106.0
210,851678533374136321,104,851678533374136321,True,RodneyClaeys,False,21394.0,22166.0,612258.0
211,1911900132,426,1911900132,True,ArnoldNapster,False,589.0,807.0,37400.0
212,621036394,580,621036394,True,puttelop,False,25.0,100.0,8340.0
213,4098448456,333,4098448456,True,VernyJiri,False,117.0,670.0,5362.0
214,4709645114,199,4709645114,True,MikeKinghorn1,False,4044.0,4988.0,7836.0
215,155627025,558,155627025,True,butterflySerend,False,138.0,238.0,15685.0
216,1295898205511712773,557,1295898205511712773,True,trudat2020,False,274.0,47.0,10168.0
217,2189257184,199,2189257184,True,Virgini98900230,False,2007.0,2852.0,70775.0
218,1175962189766643712,177,1175962189766643712,True,ThahirAmal,False,127.0,593.0,3020.0
219,86237898,178,86237898,True,BadgercIops,False,579.0,576.0,9725.0
220,1481121063132180480,179,1481121063132180480,True,BooBooBearsNFT,False,237.0,722.0,664.0
221,293525474,210,293525474,True,petermacmahon,True,10570.0,4528.0,31634.0
222,1325486068578258945,357,1325486068578258945,True,Susan_Adam_01,False,922.0,1416.0,6367.0
223,2521665137,333,2521665137,True,casantico,False,584.0,931.0,58189.0
224,284920800,183,284920800,True,news18dotcom,True,161730.0,175.0,276376.0
225,1434800250229821441,184,1434800250229821441,True,AttorneyLynn,False,0.0,10.0,37.0
226,35765009,185,35765009,True,filmhead365,False,385.0,1187.0,1478.0
227,1101241018308005898,337,1101241018308005898,True,PatriciaSomer11,False,2356.0,2555.0,118924.0
228,1196514339479597057,104,1196514339479597057,True,Farazx12,False,3.0,116.0,567.0
229,1367335675272585220,104,1367335675272585220,True,MyArmy_MyPride_,False,3284.0,304.0,19022.0
230,317833648,637,317833648,True,arash_ch,False,65.0,112.0,3613.0
231,1495111957141078016,299,1495111957141078016,True,Fawaz_lala,False,381.0,0.0,896.0
232,1334004012975353860,191,1334004012975353860,True,Vineeti9,False,129.0,267.0,7899.0
233,4321270583,212,4321270583,True,mujereslibresec,False,3208.0,622.0,14250.0
234,1223930138,580,1223930138,True,E_H_Krasniqi,False,124.0,224.0,2428.0
235,458909421,413,458909421,True,thekantastic,False,651.0,275.0,20900.0
236,1356786368656138241,104,1356786368656138241,True,JamesTate121,False,22925.0,21665.0,71855.0
237,3218819892,426,3218819892,True,snippe295_kay,False,389.0,577.0,119564.0
238,1318553712,617,1318553712,True,golfsohard,False,756.0,2136.0,19164.0
239,157612903,617,157612903,True,piotrss,False,1465.0,2175.0,60142.0
240,1332045544663953410,357,1332045544663953410,True,Reptilien31,False,173.0,24.0,753.0
241,1498417601852096519,200,1498417601852096519,True,RussianTrollDe2,False,8.0,5.0,128.0
242,2803782750,438,2803782750,True,barajas49671,False,11.0,116.0,528.0
243,2404710938,617,2404710938,True,WINS_org,False,821.0,319.0,887.0
244,1324766023778750464,580,1324766023778750464,True,SeadaAbedlekar,False,3182.0,2527.0,74688.0
245,253535700,600,253535700,True,67viktor,False,677.0,2649.0,70428.0
246,788739023569321990,333,788739023569321990,True,national_corps,False,10170.0,101.0,7453.0
247,1149148212978167810,206,1149148212978167810,True,ThinkForBetter_,False,1293.0,1463.0,40111.0
248,344690602,413,344690602,True,ingrx,False,2374.0,5001.0,238652.0
249,762627095008780288,558,762627095008780288,True,chalmers8tom,False,1997.0,3377.0,7693.0
250,1107958498283974656,490,1107958498283974656,True,iinainen,False,190.0,647.0,5073.0
251,2342054232,614,2342054232,True,KondratieffWave,False,2090.0,4638.0,30047.0
252,18294521,469,18294521,True,blackrepublican,False,63903.0,82186.0,602948.0
253,561965364,337,561965364,True,BirgitMSchwarz,True,7159.0,2661.0,13619.0
254,1512501974,337,1512501974,True,Arjunbhati11,False,30.0,85.0,398.0
255,1430478530442407942,213,1430478530442407942,True,GUEVAR26,False,213.0,886.0,7429.0
256,828530226,210,828530226,True,jennakholliday,False,368.0,427.0,696.0
257,197341208,580,197341208,True,usmissionuganda,True,192936.0,7467.0,13244.0
258,1281634934327828482,162,1281634934327828482,True,itayariel1,False,1793.0,726.0,9194.0
259,17552210,212,17552210,True,evilcos,False,11485.0,970.0,684.0
260,1320415854001938432,490,1320415854001938432,True,AbC967041505,False,157.0,549.0,43746.0
261,103589557,219,103589557,True,tejaschogale,False,229.0,494.0,49366.0
262,38387762,600,38387762,True,MishaMakaver,False,3508.0,3484.0,80152.0
263,1049715515344805889,469,1049715515344805889,True,IamEngrShahid,False,126.0,58.0,2637.0
264,464722631,600,464722631,True,j6ybird,False,97.0,359.0,7328.0
265,1433402101191827458,557,1433402101191827458,True,sJj9An0AkaueRyT,False,3.0,115.0,5213.0
266,1444288445329838091,224,1444288445329838091,True,Farhat_Nadeem78,False,896.0,1144.0,17843.0
267,393458571,333,393458571,True,peki_rc,False,93.0,446.0,5166.0
268,113561096,580,113561096,True,Rajtarangini,False,313.0,69.0,857.0
269,1000569458123915264,580,1000569458123915264,True,Nad52138075,False,646.0,683.0,96788.0
270,1166109789111427072,653,1166109789111427072,True,steve_ampy,False,273.0,133.0,8653.0
271,136603337,652,136603337,True,arun48552,False,169.0,213.0,11962.0
272,2159907348,333,2159907348,True,Smilan317,False,56260.0,36314.0,646280.0
273,1004758567499509760,333,1004758567499509760,True,RKempNewsDaily,False,12145.0,1847.0,30337.0
274,554497503,637,554497503,True,drtpayz,False,2735.0,4999.0,187891.0
275,741305551431176192,233,741305551431176192,True,cavaakila,False,2999.0,993.0,34704.0
276,864504738691268609,467,864504738691268609,True,DocsPSCbasics,False,787.0,680.0,13788.0
277,129849644,557,129849644,True,MermaidLove62,False,2083.0,2210.0,26833.0
278,1477513788089765895,237,1477513788089765895,True,VideoAlternate,False,59.0,148.0,686.0
279,1403757594171248642,104,1403757594171248642,True,Dezire23395096,False,238.0,309.0,23462.0
280,262804060,558,262804060,True,connie92506,False,5791.0,6287.0,102868.0
281,307340069,337,307340069,True,brow_la,False,4247.0,5004.0,22214.0
282,898663141084729344,240,898663141084729344,True,elfpinr,False,64.0,347.0,1627.0
283,1040307170489892864,600,1040307170489892864,True,IbrahimFaidat,False,233.0,445.0,260.0
284,472481958,580,472481958,True,EmWorly,False,39.0,910.0,1433.0
285,1462344641815068674,617,1462344641815068674,True,Akhiles82064771,False,2.0,156.0,566.0
286,4863893632,104,4863893632,True,____mambo____,False,489.0,214.0,263.0
287,1497739877680570368,337,1497739877680570368,True,PeterHWurm,False,4.0,410.0,172.0
288,218494359,337,218494359,True,jozannevdvelden,False,761.0,500.0,1042.0
289,4385043437,490,4385043437,True,LilyofBiscay,False,284.0,2924.0,77556.0
290,1394286734901399554,574,1394286734901399554,True,Buythed80362616,False,47.0,35.0,2925.0
291,1705183381,637,1705183381,True,AfricisOrg,False,3020.0,528.0,14276.0
292,1237493055772639232,250,1237493055772639232,True,,,,,
293,1057732559508045824,227,1057732559508045824,True,yourcatlikemem1,False,498.0,952.0,21591.0
294,1462473955588161540,557,1462473955588161540,True,Oblomov1214,False,76.0,658.0,7877.0
295,1341862512850067457,254,1341862512850067457,True,chrstnmcdnld,False,215.0,313.0,5125.0
296,1469364523513618440,255,1469364523513618440,True,grexcptnlsmgr,False,360.0,580.0,11570.0
297,2197992998,490,2197992998,True,ZofiaDrabek,False,38.0,210.0,47.0
298,584532417,104,584532417,True,GandrewCart,False,2890.0,3263.0,13541.0
299,2651414005,426,2651414005,True,Europa97531,False,1702.0,2345.0,47815.0
300,2790705911,557,2790705911,True,Ernie_Tsai,False,5.0,54.0,486.0
301,340977799,261,340977799,True,Janekelly25,False,2580.0,4997.0,65153.0
302,1458602144702078980,262,1458602144702078980,True,DBAToken3,False,65.0,426.0,1296.0
303,111368100,104,111368100,True,JP_Maloka,False,3575.0,2994.0,28140.0
304,34262462,104,34262462,True,SputnikInt,True,359074.0,303.0,193888.0
305,904047154997719040,265,904047154997719040,True,techz_dave,False,1056.0,35.0,2357.0
306,368335643,469,368335643,True,sirjamesa12,False,5753.0,2844.0,190588.0
307,1035804941049159680,199,1035804941049159680,True,Jelaimanoo,False,60.0,141.0,4442.0
308,2653016426,104,2653016426,True,prashantarchu,False,1417.0,397.0,674009.0
309,404116237,269,404116237,True,will_show2020,False,1861.0,2805.0,12688.0
310,950861098798010379,337,950861098798010379,True,161_kamikadse,False,1360.0,1326.0,101853.0
311,1494836411459121154,271,1494836411459121154,True,livecrisisintel,False,856.0,61.0,1259.0
312,1941753763,467,1941753763,True,Lainielah,False,3667.0,3385.0,20635.0
313,2369026524,580,2369026524,True,MrRoelleDahl,False,1239.0,4998.0,3038.0
314,4055064989,333,4055064989,True,juha_t_harkonen,False,490.0,1798.0,34747.0
315,755067744333271040,617,755067744333271040,True,injured420,False,834.0,521.0,41547.0
316,118794845,557,118794845,True,TraderMarcoCost,False,7924.0,420.0,1743428.0
317,1313604869262106629,580,1313604869262106629,True,larson_mb,False,445.0,1179.0,29142.0
318,138898251,467,138898251,True,btkrth,False,1837.0,4980.0,404063.0
319,85792987,574,85792987,True,adhi99,False,138.0,1044.0,24460.0
320,12166972,504,12166972,True,niniwe,False,261.0,834.0,8865.0
321,1282133754287239168,333,1282133754287239168,True,snarkivarius,False,75.0,88.0,1276.0
322,2301844336,426,2301844336,True,kalmantibs,False,16661.0,16995.0,14706.0
323,1387025040089227265,297,1387025040089227265,True,PikeWala,False,242.0,425.0,6831.0
324,2564343907,557,2564343907,True,DecipherDCipher,False,126.0,389.0,4079.0
325,1493316657657389059,426,1493316657657389059,True,SpiritOfKabanah,False,805.0,140.0,4646.0
326,120457204,469,120457204,True,soushikamizuki7,False,859.0,1136.0,204192.0
327,1403364703284436992,337,1403364703284436992,True,mrkrupenikov,False,22.0,52.0,56.0
328,1372974731889152002,426,1372974731889152002,True,djasminenoir,False,21.0,176.0,2416.0
329,818893244276871168,333,818893244276871168,True,veronika_banakh,False,4.0,21.0,623.0
330,626519057,558,626519057,True,OlgaBiotech,False,38.0,110.0,1093.0
331,949080302,290,949080302,True,hawkeyblog,False,1332.0,666.0,71304.0
332,1456235653390168067,637,1456235653390168067,True,jrmaminy1,False,657.0,502.0,70703.0
333,4448232618,617,4448232618,True,ramsingh_inda,False,39.0,231.0,399.0
334,1384536089663348738,297,1384536089663348738,True,democracy20plus,False,9.0,678.0,2303.0
335,1432793622034984971,104,1432793622034984971,True,ERENBgis,False,112.0,426.0,2168.0
336,1283774660686086147,557,1283774660686086147,True,Fernweh_2021,False,165.0,173.0,4777.0
337,550702200,490,550702200,True,JohnFea1,False,21578.0,7763.0,64687.0
338,2420026197,299,2420026197,True,AhrensLouise,False,6.0,29.0,89.0
339,1363173637428289541,300,1363173637428289541,True,pepi71603191,False,0.0,53.0,76.0
340,2949844251,302,2949844251,True,mrvsk2712,False,22.0,19.0,336.0
341,771810098025037824,557,771810098025037824,True,TechmemeChatter,False,2992.0,1.0,223681.0
342,1462889054542778368,600,1462889054542778368,True,shahinu_r,False,131.0,138.0,1757.0
343,4734003973,104,4734003973,True,adam_funama,False,5379.0,1342.0,180258.0
344,3349211231,490,3349211231,True,missjea,False,137.0,259.0,3947.0
345,1359356966682857472,104,1359356966682857472,True,HayabusaDF,False,34.0,66.0,207.0
346,356816693,426,356816693,True,innocent_maposa,False,1052.0,2564.0,33158.0
347,912583795,426,912583795,True,sustain05,False,3492.0,3235.0,674483.0
348,1061081637578919936,426,1061081637578919936,True,Danialhassan89,False,34.0,549.0,977.0
349,1179329717050019840,469,1179329717050019840,True,Fallenofflower,False,5.0,8.0,459.0
350,45882349,299,45882349,True,boijingle,False,659.0,1214.0,29002.0
351,1320758642304602114,210,1320758642304602114,True,NainaMo28946445,False,0.0,174.0,75.0
352,3421832895,637,3421832895,True,Work_in_Estonia,False,3358.0,162.0,674.0
353,913385392862195715,558,913385392862195715,True,priyam_pratyush,False,21.0,73.0,457.0
354,45933587,426,45933587,True,vanderlust,False,750.0,88.0,50840.0
355,1023813476,316,1023813476,True,AutusInvestment,False,4202.0,479.0,22889.0
356,1196331514511921153,212,1196331514511921153,True,joacasteco,False,1919.0,3661.0,4815.0
357,783149246178553856,390,783149246178553856,True,GamerGalsRT,False,7794.0,2109.0,241042.0
358,281383605,413,281383605,True,bpizano67,False,3737.0,4985.0,492586.0
359,1236165881916354560,104,1236165881916354560,True,ByreddyShabari,False,6898.0,37.0,2017.0
360,199769546,617,199769546,True,Santinagar13,False,302.0,153.0,4874.0
361,1186219196306219009,333,1186219196306219009,True,MarriBaloch2020,False,1904.0,4995.0,4075.0
362,1405134881328226305,326,1405134881328226305,True,AnveshkaD,False,458.0,43.0,833.0
363,1454767664929333249,327,1454767664929333249,True,Niceperplanet,False,107.0,112.0,117.0
364,1014148304719040512,368,1014148304719040512,True,CRFalderhey,False,901.0,505.0,681.0
365,1195088682845450243,329,1195088682845450243,True,yourstrulyael,False,5637.0,4315.0,25979.0
366,1489428006338768896,331,1489428006338768896,True,Observer_QQQ,False,20.0,3.0,6428.0
367,2597015011,332,2597015011,True,BasharAzeez2,False,1400.0,1050.0,3146.0
368,1283811411106439170,490,1283811411106439170,True,PoliceScriptum,False,239.0,508.0,511.0
369,942395651895255040,617,942395651895255040,True,putinsboyfrend,False,5.0,96.0,355.0
370,1267114325921001472,637,1267114325921001472,True,MarteloHeights,False,40.0,611.0,1548.0
371,210750170,104,210750170,True,phreakoutaston,False,81.0,351.0,1238.0
372,1496421068210421765,337,1496421068210421765,True,serteees,False,0.0,16.0,470.0
373,1457888459574681608,426,1457888459574681608,True,RoyalIntel_,False,2751.0,419.0,5262.0
374,1030064780755853313,104,1030064780755853313,True,VashiDhyey,False,211.0,1235.0,44677.0
375,1121353898126606337,340,1121353898126606337,True,Mycupsofcoffee,False,66.0,31.0,1356.0
376,1011580823043215360,504,1011580823043215360,True,NickBingham11,False,71.0,232.0,6336.0
377,123174829,557,123174829,True,MoterSensha,False,6594.0,1472.0,335806.0
378,927524833910493184,574,927524833910493184,True,FedeCanciani,False,107.0,880.0,11159.0
379,979769447656382464,299,979769447656382464,True,,,,,
380,105816524,346,105816524,True,akankshasxn,True,4153.0,3041.0,9664.0
381,1498273188958064643,557,1498273188958064643,True,Natalia_rad22,False,0.0,4.0,351.0
382,306049512,580,306049512,True,Coachj11,False,437.0,282.0,28967.0
383,1445891016373018624,469,1445891016373018624,True,DoubtedView,False,626.0,178.0,7726.0
384,1489782770582704128,557,1489782770582704128,True,JohnnyB8y,False,209.0,660.0,1312.0
385,960975794968383490,557,960975794968383490,True,justin_m1983,False,83.0,109.0,1333.0
386,1461676508808978437,297,1461676508808978437,True,,,,,
387,719517668701822976,443,719517668701822976,True,HQstories,True,28110.0,3767.0,48737.0
388,1498316110399213575,574,1498316110399213575,True,KisilValerij,False,0.0,0.0,56.0
389,1039748893976735744,574,1039748893976735744,True,MAleksandrovych,False,1.0,21.0,15.0
390,890304701329276929,357,890304701329276929,True,johnnyjeepjeep,False,107.0,156.0,9051.0
391,89437990,504,89437990,True,AimHigh_TV1,False,87757.0,6180.0,5958.0
392,1333125538706296833,467,1333125538706296833,True,Gurmind69618903,False,1728.0,2405.0,20355.0
393,990183723629981696,360,990183723629981696,True,thenikkuchoubey,False,1512.0,920.0,16363.0
394,982830096925917184,374,982830096925917184,True,gurico0516,False,1007.0,736.0,540.0
395,1237393871908171781,199,1237393871908171781,True,AlisaPenninger,False,2632.0,4844.0,32244.0
396,45455139,637,45455139,True,ceciliabrainard,False,320.0,417.0,5155.0
397,1497262801416507400,210,1497262801416507400,True,aguadillanews1,False,63.0,455.0,2781.0
398,1495372239570620426,426,1495372239570620426,True,JulianDziki,False,16.0,200.0,7793.0
399,52816099,426,52816099,True,AndrewF31,False,342.0,2169.0,23625.0
400,76237140,374,76237140,True,submergingmkt,False,6460.0,1792.0,99363.0
401,215677606,469,215677606,True,WorkshopCraig,False,10280.0,11122.0,58617.0
402,729702644,557,729702644,True,BlueDotCitizen,False,6533.0,6574.0,78048.0
403,1234630712130711552,558,1234630712130711552,True,petunia_wild,False,3340.0,3602.0,30109.0
404,237020420,374,237020420,True,rodmickleburgh,False,9118.0,3192.0,172094.0
405,1453212957584809996,600,1453212957584809996,True,Nanda88852886,False,16.0,11.0,7529.0
406,438628130,371,438628130,True,UNDPDC,False,4894.0,2235.0,18070.0
407,1265052908598394880,372,1265052908598394880,True,SpeechFreedoms,False,1050.0,5010.0,15666.0
408,1456600599940710467,469,1456600599940710467,True,bijouaicha3,False,206.0,199.0,14094.0
409,826613505189085186,617,826613505189085186,True,ChinaConsulate,True,5177.0,160.0,2079.0
410,1390351886704947200,376,1390351886704947200,True,stellarwp,False,1074.0,472.0,1073.0
411,64879851,337,64879851,True,KasVanpoucke,False,1708.0,1678.0,12968.0
412,270675122,333,270675122,True,PaigeT63,False,36.0,1309.0,1790.0
413,3309688486,637,3309688486,True,RoINTEL,False,1307.0,126.0,6229.0
414,1501158131287879681,558,1501158131287879681,True,,,,,
415,964190420556279808,617,964190420556279808,True,MedicVet68,False,49494.0,54137.0,179017.0
416,97919957,382,97919957,True,eliotbank,False,103.0,84.0,61.0
417,1399533781296549889,469,1399533781296549889,True,sanipatin435,False,1.0,2.0,54.0
418,779039921541484544,469,779039921541484544,True,r_u_vid,False,11938.0,117.0,12147.0
419,15589496,385,15589496,True,rapella,False,1466.0,786.0,77379.0
420,1312585051750559745,386,1312585051750559745,True,chiku_biswajeet,False,134.0,38.0,10356.0
421,1480903610192089088,333,1480903610192089088,True,WarInUkraine22,False,6244.0,63.0,3298.0
422,816965415188447232,426,816965415188447232,True,NornEye,False,721.0,154.0,23534.0
423,1227572340,337,1227572340,True,alwaysdarkangel,False,649.0,892.0,17062.0
424,317200582,390,317200582,True,Jur_Ko,False,200.0,175.0,2004.0
425,1115300948,333,1115300948,True,FredeDreier,False,11.0,137.0,391.0
426,3614561476,210,3614561476,True,BonSaunderson,False,78.0,77.0,1318.0
427,1255805949069209600,104,1255805949069209600,True,Prasanth63631,False,2467.0,3215.0,170327.0
428,1365812287,557,1365812287,True,BreakinNewz01,False,1722.0,1060.0,139328.0
429,854325293187813376,104,854325293187813376,True,larryredwing,False,3136.0,3207.0,222771.0
430,854614125003014144,396,854614125003014144,True,themojostory,True,56519.0,3.0,24598.0
431,1009334725616590848,297,1009334725616590848,True,Kinghich1,False,25.0,107.0,3615.0
432,1358926797203787777,398,1358926797203787777,True,WebAnfield,False,192.0,57.0,399.0
433,549702743,399,549702743,True,MurphKathy,False,208.0,611.0,1258.0
434,2651308555,637,2651308555,True,tpiotr74,False,609.0,1672.0,8935.0
435,99668658,357,99668658,True,odriscor,False,1838.0,1938.0,3393.0
436,1162590019795603458,402,1162590019795603458,True,CoryShilts,False,61.0,134.0,9188.0
437,1448502687838785536,469,1448502687838785536,True,aakancvedi,False,138.0,25.0,71.0
438,1335591070579781632,337,1335591070579781632,True,MohdTahseenMir,False,431.0,1093.0,1049.0
439,1481610152683913224,637,1481610152683913224,True,motisuccess,False,58.0,2.0,2968.0
440,1265133839258697728,614,1265133839258697728,True,RR52725843,False,110.0,21.0,7361.0
441,3932345596,617,3932345596,True,geniablum,False,6206.0,6400.0,21029.0
442,828364693425098752,413,828364693425098752,True,privatelynda,False,7216.0,7675.0,83589.0
443,1164907412630827008,469,1164907412630827008,True,,,,,
444,3188672869,469,3188672869,True,,,,,
445,1385315311122100226,297,1385315311122100226,True,,,,,
446,287044162,600,287044162,True,Ankur_tiwari2,False,426.0,728.0,32824.0
447,1498587826635558913,490,1498587826635558913,True,AnastasiiaDzet1,False,2.0,9.0,203.0
448,393896089,637,393896089,True,olha2810,False,6.0,54.0,312.0
449,56380020,337,56380020,True,IvarDale,False,3206.0,3028.0,10723.0
450,1500274899214114817,417,1500274899214114817,True,ukraini239540,False,23.0,6.0,650.0
451,1441559488075468812,104,1441559488075468812,True,kelseymariebell,False,239.0,3127.0,15627.0
452,4498297834,438,4498297834,True,t_galvezb,False,227.0,98.0,24060.0
453,3300667683,469,3300667683,True,Bobischoff,False,378.0,717.0,2798.0
454,2491664966,469,2491664966,True,PKB_Canada,False,490.0,877.0,109361.0
455,1497588589403820034,574,1497588589403820034,True,,,,,
456,1086521990599593987,422,1086521990599593987,True,deomanyt,False,645.0,47.0,210.0
457,46898380,337,46898380,True,smileskj,False,131.0,468.0,888.0
458,1235244517307166725,374,1235244517307166725,True,InformazioneA,False,952.0,102.0,11694.0
459,1500410013164187649,574,1500410013164187649,True,LHirich,False,0.0,8.0,7.0
460,1251947750272442372,637,1251947750272442372,True,LoveWorld_Peopl,False,2101.0,2966.0,13128.0
461,360164560,614,360164560,True,SyriaArchives,False,672.0,2651.0,4955.0
462,1457417072271507460,600,1457417072271507460,True,thenoisenft,False,1636.0,4996.0,2714.0
463,907452811398578177,212,907452811398578177,True,LiamCSt,False,6.0,23.0,2704.0
464,44574528,557,44574528,True,HarrisonTF,False,2029.0,1698.0,62188.0
465,114268824,212,114268824,True,,,,,
466,701420647323406336,637,701420647323406336,True,paul_cabalar,False,353.0,4959.0,3412.0
467,869629190747959297,426,869629190747959297,True,AfricanWatchman,False,1283.0,187.0,19291.0
468,2465958361,426,2465958361,True,eshaLegal,False,29390.0,1176.0,246457.0
469,708209345624985600,426,708209345624985600,True,IAmMizanthrope,False,211.0,381.0,1428.0
470,3021273576,617,3021273576,True,RocklineAdv,False,270.0,227.0,33565.0
471,1446763412650741762,357,1446763412650741762,True,LocNguy45551891,False,133.0,121.0,13967.0
472,1392129373143142411,437,1392129373143142411,True,AkbarKh83841986,False,15.0,61.0,460.0
473,4462778176,299,4462778176,True,Hugh_Hustler,False,1.0,54.0,27.0
474,705011648558473220,333,705011648558473220,True,istvan_ujhelyi,True,3692.0,1391.0,2509.0
475,17499394,580,17499394,True,joegarofoli,True,12523.0,3659.0,31560.0
476,1460159240782462984,637,1460159240782462984,True,CyberRealms1,False,1381.0,0.0,10253.0
477,19813058,374,19813058,True,BenSharman,False,1231.0,2676.0,11402.0
478,2158550592,199,2158550592,True,chaibjm,False,510.0,578.0,65581.0
479,2731499692,365,2731499692,True,JuliaOvcharenko,False,20.0,327.0,946.0
480,4767528991,446,4767528991,True,TelanganaToday,True,255302.0,0.0,154159.0
481,352848671,333,352848671,True,CSojourner,False,58965.0,55896.0,81863.0
482,1265658336466202624,413,1265658336466202624,True,Mellows2011,False,860.0,831.0,7313.0
483,1213599977152270336,449,1213599977152270336,True,victoramle,False,14.0,22.0,114.0
484,1050338272570949633,557,1050338272570949633,True,felyniuk,False,15.0,44.0,299.0
485,1266988434,479,1266988434,True,defensesentinel,False,11797.0,62.0,2304.0
486,326657615,557,326657615,True,arsact1517,False,247.0,124.0,35102.0
487,1044937263489134592,557,1044937263489134592,True,stefano688,False,701.0,4948.0,81903.0
488,711972358882459648,426,711972358882459648,True,NEsorZhelev,False,8.0,26.0,766.0
489,702613776093339648,333,702613776093339648,True,NatalievanRooy,False,3007.0,2038.0,2956.0
490,1471742635815567362,104,1471742635815567362,True,PavanaputraH,False,839.0,1835.0,38066.0
491,2389823918,104,2389823918,True,AlAkBseth,False,3810.0,3391.0,431448.0
492,1497749897285672964,210,1497749897285672964,True,Vova_912,False,4.0,8.0,459.0
493,1500134833288273927,438,1500134833288273927,True,zadorozhko_fit,False,23.0,21.0,174.0
494,1493243178933051392,557,1493243178933051392,True,RobertW00430605,False,237.0,993.0,1039.0
495,94761188,104,94761188,True,NewIndianXpress,True,478360.0,515.0,677491.0
496,1480307552659333133,576,1480307552659333133,True,KayTheProblem,False,272.0,1631.0,2429.0
497,92937501,368,92937501,True,ravenmount1,False,224.0,909.0,7048.0
498,54168532,357,54168532,True,vivo66,False,185.0,903.0,5991.0
499,1479128318205173762,464,1479128318205173762,True,VitaliiSemeniu1,False,3.0,39.0,25.0
500,80571323,337,80571323,True,sotiridi,False,27421.0,3944.0,25537.0
501,820353014527623168,576,820353014527623168,True,kaaruuseellka,False,341.0,251.0,955.0
502,905254633,576,905254633,True,leon257257,False,1.0,16.0,55.0
503,282653110,297,282653110,True,mark_j_bullock,False,410.0,873.0,2734.0
504,1119397611125997568,558,1119397611125997568,True,HELLANBIGLOVE,False,17562.0,18869.0,38185.0
505,2542147872,337,2542147872,True,emma12206821,False,80.0,38.0,9384.0
506,18529487,557,18529487,True,79msugrad,False,150.0,416.0,5823.0
507,18497097,299,18497097,True,marujatarre,False,82186.0,4894.0,204700.0
508,17884701,469,17884701,True,RobBirdwell,False,378.0,991.0,2401.0
509,3288258646,637,3288258646,True,Olesya_vArt,True,8175.0,1230.0,3115.0
510,919915692375330816,210,919915692375330816,True,hdhfh1994,False,425.0,106.0,26613.0
511,1347231447397097479,210,1347231447397097479,True,BillyPilgrim26,False,1437.0,2021.0,62931.0
512,272323143,479,272323143,True,Mati9ee,False,577.0,241.0,91601.0
513,106927705,104,106927705,True,KarenBoles,False,3175.0,4188.0,110749.0
514,1313158399425683457,617,1313158399425683457,True,StephanieBobrek,False,9.0,62.0,562.0
515,470915474,482,470915474,True,B_B_spear,False,6773.0,5060.0,2870.0
516,1497678726305308678,483,1497678726305308678,True,RUSSIAvsUKRAIN1,False,24.0,12.0,104.0
517,706236390498029570,104,706236390498029570,True,Thoughtosopher,False,356.0,974.0,22178.0
518,846489525215989760,485,846489525215989760,True,CMacCoille,False,11671.0,2329.0,28786.0
519,1276895487413682177,486,1276895487413682177,True,rtItBot,False,26329.0,25992.0,551092.0
520,3927004394,104,3927004394,True,,,,,
521,1431703379919638532,104,1431703379919638532,True,MusicOfMyFuture,False,707.0,634.0,3622.0
522,268385416,212,268385416,True,TWMCLtd,False,18853.0,594.0,65343.0
523,2546612893,637,2546612893,True,sumanspiel,False,547.0,236.0,940.0
524,855679951,492,855679951,True,salemswamp,False,1096.0,1294.0,23568.0
525,196529847,637,196529847,True,KonulRanveerian,False,2642.0,1494.0,68734.0
526,1142780430632067073,494,1142780430632067073,True,AliceB01973554,False,1928.0,892.0,96141.0
527,867826603480539136,333,867826603480539136,True,MoniquePoole17,False,48.0,65.0,6680.0
528,3351345863,574,3351345863,True,rosendo_joe,False,7663.0,5192.0,128589.0
529,537461829,497,537461829,True,SuzanneGoin,False,10328.0,400.0,8639.0
530,1407059587,498,1407059587,True,RefugeePolitics,False,1002.0,1239.0,1509.0
531,26651370,614,26651370,True,FrancescoLugli,False,753.0,685.0,10190.0
532,33125584,104,33125584,True,joebud123,False,598.0,2542.0,13489.0
533,1496805133279277061,614,1496805133279277061,True,GC35786982,False,2.0,34.0,560.0
534,41014243,614,41014243,True,qvalemangusta,False,1774.0,1226.0,144737.0
535,2672097057,357,2672097057,True,,,,,
536,602767623,503,602767623,True,RomeshNadir,False,12873.0,2601.0,401868.0
537,1462640110692802562,368,1462640110692802562,True,PonyBuoyCurtis,False,12.0,280.0,1068.0
538,2707058534,299,2707058534,True,LeckerC,False,2931.0,4997.0,208871.0
539,820069118955098112,333,820069118955098112,True,TTittelin,False,10471.0,10180.0,6424.0
540,737446035140825088,507,737446035140825088,True,Doug415510330,False,16181.0,17350.0,94842.0
541,379890376,508,379890376,True,doshi_harsh,False,9030.0,2186.0,2112.0
542,1345427232626536449,337,1345427232626536449,True,FANI90910877,False,15.0,405.0,31531.0
543,32424872,413,32424872,True,aradberg,False,375.0,2172.0,57553.0
544,3648463632,512,3648463632,True,asthana_shashi,False,2635.0,1015.0,23420.0
545,4471527855,490,4471527855,True,Ukrainenowi,False,1672.0,1.0,206.0
546,228608989,514,228608989,True,SASSandATTITUDE,False,55.0,48.0,674.0
547,1097911630049038336,515,1097911630049038336,True,AthulJohnson8,False,114.0,131.0,370.0
548,386601565,357,386601565,True,ManosKoubarakis,False,295.0,327.0,1079.0
549,1343955256640733184,337,1343955256640733184,True,AlotJot,False,295.0,504.0,2008.0
550,1284890693907951618,104,1284890693907951618,True,thewarrage,False,76668.0,32.0,27668.0
551,3297784513,337,3297784513,True,,,,,
552,129163821,574,129163821,True,ChParvezAhmed,False,5237.0,286.0,12032.0
553,1471451058874449921,104,1471451058874449921,True,raina_kp,False,1719.0,810.0,16762.0
554,1498480844746674178,558,1498480844746674178,True,lion8863,False,0.0,2.0,33.0
555,1365583186319863811,580,1365583186319863811,True,TigraiHub,False,13664.0,97.0,3681.0
556,1498615578994565123,365,1498615578994565123,True,YarynaPetrovych,False,11.0,12.0,1588.0
557,1477539852,637,1477539852,True,stkntp,True,1163.0,468.0,4694.0
558,1089868466537066496,525,1089868466537066496,True,Akshanshpandey5,False,28.0,68.0,397.0
559,240649814,526,240649814,True,TimesNow,True,10248365.0,372.0,803757.0
560,972891356,368,972891356,True,HenzeTimon,False,641.0,1984.0,10842.0
561,1497324634588561408,558,1497324634588561408,True,KoVaLsKeY228,False,2.0,7.0,617.0
562,915351016366845952,557,915351016366845952,True,ProSportsExtra,True,22756.0,208.0,33871.0
563,15243008,426,15243008,True,chrishall57,False,1515.0,1902.0,20005.0
564,785599629085831168,357,785599629085831168,True,arman_lesnar,False,38.0,247.0,1353.0
565,710840929,426,710840929,True,franceen07,False,265.0,1516.0,8611.0
566,2171556672,534,2171556672,True,Commander_Krill,False,19.0,15.0,690.0
567,2660326016,535,2660326016,True,geekyhumans,False,316.0,87.0,12315.0
568,799024658477621248,536,799024658477621248,True,davidtavares67,False,13.0,11.0,43.0
569,1183601647290900480,337,1183601647290900480,True,HaterJuliet,False,163.0,1069.0,10000.0
570,834422100798664712,469,834422100798664712,True,ChSajjad380,False,362.0,608.0,31355.0
571,22894190,297,22894190,True,ambradambra,False,1087.0,1596.0,25354.0
572,1050622989840965633,337,1050622989840965633,True,riteshr129,False,8.0,113.0,3729.0
573,1446689731241136129,337,1446689731241136129,True,Pluctocracy,False,197.0,2595.0,23719.0
574,1479039131686739969,541,1479039131686739969,True,ObiWanGlyndwr,False,1248.0,2237.0,5503.0
575,109774766,337,109774766,True,anoopphr,False,483.0,299.0,1716.0
576,1343740146630451200,210,1343740146630451200,True,RepSteel,True,15694.0,222.0,1418.0
577,2738941765,357,2738941765,True,tomdurk,False,308.0,904.0,8746.0
578,245991073,546,245991073,True,b_m_hughes,False,5629.0,3199.0,16211.0
579,1430307870982107140,547,1430307870982107140,True,CardanoNoodz,False,5937.0,4175.0,23623.0
580,416610977,297,416610977,True,sahraakarimi,False,190684.0,245.0,17819.0
581,1447903262208712704,549,1447903262208712704,True,Sagarpattashan7,False,3.0,11.0,4934.0
582,1021262103707959296,469,1021262103707959296,True,firearmsosick,False,3098.0,86.0,16226.0
583,1117776586630213632,504,1117776586630213632,True,ElliotSmithCNBC,True,1306.0,2497.0,2661.0
584,817862582,574,817862582,True,Sou91Hail,False,4.0,18.0,2317.0
585,1164579907634126848,553,1164579907634126848,True,krishnajindal07,False,4600.0,137.0,22041.0
586,2802738944,333,2802738944,True,PaultheHallal,False,229.0,381.0,1050.0
587,375733820,557,375733820,True,AndrewScott40,False,724.0,1400.0,680.0
588,66751342,299,66751342,True,GP4IND,False,720.0,1328.0,17238.0
589,771245869613977600,299,771245869613977600,True,EEichi1,False,151.0,180.0,5239.0
590,1717521084,558,1717521084,True,AndrewKnight226,False,15437.0,11911.0,149708.0
591,1461306378,559,1461306378,True,ForughTabish,False,27656.0,2310.0,6793.0
592,312004290,337,312004290,True,vadik_vorobyov,False,3.0,9.0,116.0
593,32447329,562,32447329,True,anfernandes,False,171.0,675.0,706.0
594,980694573855817728,637,980694573855817728,True,UNCambodia,True,6637.0,561.0,4413.0
595,50852547,637,50852547,True,UNWomenAust,True,28029.0,1537.0,21308.0
596,54472810,469,54472810,True,Iswilldo,False,415.0,1364.0,30741.0
597,853366645322076160,299,853366645322076160,True,DouzaM_Madolo,False,2763.0,4549.0,45605.0
598,876863244,426,876863244,True,Braatzy76,False,1991.0,3124.0,12634.0
599,459420364,557,459420364,True,TrafficBooth,False,339.0,160.0,3097.0
600,826599716976685056,570,826599716976685056,True,The_BigQ,False,947.0,1623.0,5589.0
601,140496030,469,140496030,True,ZarinaZabrisky,False,17360.0,1051.0,11814.0
602,261885239,574,261885239,True,infoblind,False,154.0,522.0,67053.0
603,868670948,573,868670948,True,LeoVenez,False,1408.0,4999.0,19530.0
604,278073416,337,278073416,True,ExBatsforEver,False,2841.0,1524.0,116623.0
605,36327407,426,36327407,True,htTweets,True,8506383.0,156.0,1070159.0
606,1498139816097193986,580,1498139816097193986,True,SadiMirza14,False,6.0,23.0,65.0
607,1254990547737022464,577,1254990547737022464,True,172Castellano,False,370.0,1065.0,2938.0
608,867129163982880768,337,867129163982880768,True,DatasciBot,False,57.0,50.0,8348.0
609,1446122601495945223,637,1446122601495945223,True,Romin35537896,False,69.0,383.0,5962.0
610,44596502,333,44596502,True,,,,,
611,129161229,581,129161229,True,liveintra,False,2724.0,46.0,15307.0
612,1497392734117986304,469,1497392734117986304,True,Jawalansheel,False,15.0,154.0,1477.0
613,2197351126,583,2197351126,True,MrsKimMurphy,False,269.0,754.0,3252.0
614,106736911,584,106736911,True,PrincetonCITP,False,4256.0,141.0,1748.0
615,716501756,199,716501756,True,CopperBronzed,False,1365.0,122.0,263773.0
616,94043782,587,94043782,True,arstzl5,False,462.0,458.0,19215.0
617,1494097799994089473,104,1494097799994089473,True,Vdcalves86,False,1.0,13.0,131.0
618,1216775507678846981,469,1216775507678846981,True,Mh_Kazeminezhad,False,36.0,153.0,945.0
619,1496965878633672712,357,1496965878633672712,True,kittyspr,False,4.0,27.0,438.0
620,74137019,637,74137019,True,Hgildojoel,False,2329.0,2434.0,12151.0
621,121783226,299,121783226,True,JOHNGPRYDE,False,865.0,4997.0,22629.0
622,253432854,637,253432854,True,BcnFox,False,1726.0,3885.0,101730.0
623,55381929,596,55381929,True,MOSAICBC,False,4476.0,904.0,5560.0
624,30942903,210,30942903,True,coachwaams,False,2412.0,4852.0,25282.0
625,1468319557593055241,469,1468319557593055241,True,TrabansiaCrypto,False,0.0,29.0,84.0
626,1479835582167662602,104,1479835582167662602,True,AdrianSowa15,False,40.0,236.0,976.0
627,1497000981963362306,557,1497000981963362306,True,BabalooGogh,False,0.0,23.0,340.0
628,1385193366187618310,357,1385193366187618310,True,StreetsPigs,False,299.0,488.0,97.0
629,1232360917515558912,602,1232360917515558912,True,athena7788,False,407.0,548.0,9645.0
630,280546030,438,280546030,True,londonhf,False,3352.0,1935.0,9132.0
631,1466829518274969609,469,1466829518274969609,True,BrexitPirates,False,3355.0,3038.0,14083.0
632,3302710754,605,3302710754,True,RonJFlemming,False,6073.0,6080.0,22168.0
633,1168405636759072769,607,1168405636759072769,True,rashdi_k,False,436.0,406.0,964.0
634,42290868,608,42290868,True,LaydenRobinson,False,85752.0,94303.0,824369.0
635,1289693848315351043,617,1289693848315351043,True,MagdaTeter,False,392.0,433.0,4824.0
636,5694822,504,5694822,True,Princeton,True,476872.0,1091.0,43292.0
637,1489241986389651458,469,1489241986389651458,True,Breakin62278210,False,211.0,51.0,580.0
638,1369587782897831939,558,1369587782897831939,True,ViktoriaOseyko,False,10.0,140.0,170.0
639,1492884239347597317,212,1492884239347597317,True,t_tiedeman,False,41.0,203.0,68.0
640,51285724,615,51285724,True,crashoverried,False,130.0,178.0,17287.0
641,3391374694,616,3391374694,True,KaylaFishTV,True,3013.0,1880.0,7331.0
642,363601382,469,363601382,True,healthonaplate,False,1201.0,3784.0,3794.0
643,2202063265,297,2202063265,True,lingardenisle,False,6529.0,6300.0,103572.0
644,3377374973,580,3377374973,True,darkksister,False,1028.0,1961.0,165477.0
645,947643131972820992,620,947643131972820992,True,sanjuktaparida6,False,464.0,6.0,37725.0
646,1430703819529334787,621,1430703819529334787,True,Stefan261752292,False,285.0,223.0,823.0
647,397052586,637,397052586,True,LeonHartwell,False,10234.0,9282.0,8142.0
648,1411671501254758402,623,1411671501254758402,True,democratic2032,False,1492.0,4750.0,693.0
649,17673635,624,17673635,True,livemint,True,2045212.0,70.0,404554.0
650,44909158,625,44909158,True,Speramus,False,2089.0,904.0,23101.0
651,930419187549216768,626,930419187549216768,True,Adilsha52859895,False,51.0,66.0,7625.0
652,1498314815542079488,637,1498314815542079488,True,Ukraine_SID,False,698.0,55.0,3468.0
653,243876917,628,243876917,True,MatanteJu,False,414.0,930.0,26355.0
654,1498293613523968005,637,1498293613523968005,True,,,,,
655,730746080674091008,337,730746080674091008,True,SamiHeikkiniemi,False,774.0,1246.0,3098.0
656,130905752,631,130905752,True,castreon_007,False,257.0,740.0,32968.0
657,1407278005530021889,557,1407278005530021889,True,wetmango69,False,1362.0,135.0,9076.0
658,3638215945,634,3638215945,True,MirrorNow,True,111243.0,42.0,175976.0
659,1003912653482463232,558,1003912653482463232,True,Batesm1TCD_MPR,False,836.0,2485.0,4501.0
660,1361259743550046208,636,1361259743550046208,True,trndtrader,False,2763.0,416.0,71241.0
661,14623982,297,14623982,True,xwolf,False,1519.0,641.0,87137.0
662,336151285,638,336151285,True,HusainAlsafran,False,734.0,1112.0,11129.0
663,1529761717,104,1529761717,True,AmosTulelo,False,0.0,16.0,2.0
664,1459872962954375171,617,1459872962954375171,True,w_willmoney,False,462.0,1689.0,3908.0
665,1494687558621663239,617,1494687558621663239,True,Artemcook21,False,0.0,107.0,916.0
666,56744139,210,56744139,True,MidwestPhoto,False,3578.0,3283.0,166080.0
667,1107883142977912832,469,1107883142977912832,True,FullureneC,False,73.0,216.0,15710.0
668,737000105572700162,357,737000105572700162,True,MaciejGdynia,False,6884.0,5817.0,205810.0
669,3436521521,557,3436521521,True,di993r,False,379.0,583.0,32612.0
670,1925004564,443,1925004564,True,casciatowriting,False,2484.0,2869.0,118668.0
671,4920322334,647,4920322334,True,Shwetaa_Negi,True,4187.0,678.0,6421.0
672,1268100742788808705,617,1268100742788808705,True,WICKEDMlSERY,False,1018.0,1581.0,33793.0
673,3022660273,580,3022660273,True,HimangshuSarm16,False,356.0,943.0,46995.0
674,1882111435,490,1882111435,True,AmCuriousNJ,False,6272.0,6571.0,159285.0
675,1383902579650809867,651,1383902579650809867,True,_Scorpion_11,False,668.0,677.0,10577.0
676,2189892361,652,2189892361,True,Sambad_English,True,80717.0,4.0,99389.0
677,2857718393,654,2857718393,True,pressburgerpowe,False,94.0,171.0,13261.0
678,2181690128,297,2181690128,True,Lauren4homes2,False,2342.0,4996.0,93010.0
679,3043909951,463,3043909951,True,MarjoOinonen,False,667.0,539.0,765.0
680,1337249832763789312,104,1337249832763789312,True,harris385,False,0.0,4.0,4.0
681,1113532221451796480,90,1113532221451796480,True,OfficialEUA,False,3879.0,5002.0,41613.0
